[
    {
        "wearing": "1008_A001_132.jpg",
        "hat": "1008013",
        "main_top": "1008011",
        "inner_top": null,
        "bottom": "1008012",
        "shoes": null
    },
    {
        "wearing": "1008_A002_000.jpg",
        "hat": null,
        "main_top": "1008019",
        "inner_top": null,
        "bottom": "1008158",
        "shoes": null
    },
    {
        "wearing": "1008_A002_162.jpg",
        "hat": null,
        "main_top": "1008019",
        "inner_top": null,
        "bottom": "1008158",
        "shoes": null
    },
    {
        "wearing": "1008_A003_000.jpg",
        "hat": null,
        "main_top": "1008016",
        "inner_top": null,
        "bottom": "1008015",
        "shoes": null
    },
    {
        "wearing": "1008_A003_159.jpg",
        "hat": null,
        "main_top": "1008016",
        "inner_top": null,
        "bottom": "1008015",
        "shoes": null
    },
    {
        "wearing": "1008_A005_000.jpg",
        "hat": null,
        "main_top": "1008105",
        "inner_top": null,
        "bottom": "1008104",
        "shoes": null
    },
    {
        "wearing": "1008_A005_189.jpg",
        "hat": null,
        "main_top": "1008105",
        "inner_top": null,
        "bottom": "1008104",
        "shoes": null
    },
    {
        "wearing": "1008_A007_000.jpg",
        "hat": null,
        "main_top": "1008026",
        "inner_top": null,
        "bottom": "1008025",
        "shoes": null
    },
    {
        "wearing": "1008_A007_126.jpg",
        "hat": null,
        "main_top": "1008026",
        "inner_top": null,
        "bottom": "1008025",
        "shoes": null
    },
    {
        "wearing": "1008_A008_000.jpg",
        "hat": null,
        "main_top": "1008105",
        "inner_top": null,
        "bottom": "1008106",
        "shoes": null
    },
    {
        "wearing": "1008_A008_120.jpg",
        "hat": null,
        "main_top": "1008105",
        "inner_top": null,
        "bottom": "1008106",
        "shoes": null
    },
    {
        "wearing": "1008_A009_000.jpg",
        "hat": null,
        "main_top": "1008030",
        "inner_top": null,
        "bottom": null,
        "shoes": null
    },
    {
        "wearing": "1008_A009_165.jpg",
        "hat": null,
        "main_top": "1008030",
        "inner_top": null,
        "bottom": null,
        "shoes": null
    },
    {
        "wearing": "1008_A010_000.jpg",
        "hat": null,
        "main_top": "1008036",
        "inner_top": null,
        "bottom": "1008035",
        "shoes": null
    },
    {
        "wearing": "1008_A010_171.jpg",
        "hat": null,
        "main_top": "1008036",
        "inner_top": null,
        "bottom": "1008035",
        "shoes": null
    },
    {
        "wearing": "1008_A011_000.jpg",
        "hat": null,
        "main_top": "1008039",
        "inner_top": null,
        "bottom": "1008109",
        "shoes": null
    },
    {
        "wearing": "1008_A012_000.jpg",
        "hat": null,
        "main_top": "1008034",
        "inner_top": "1008037",
        "bottom": "1008128",
        "shoes": null
    },
    {
        "wearing": "1008_A012_210.jpg",
        "hat": null,
        "main_top": "1008034",
        "inner_top": "1008037",
        "bottom": "1008128",
        "shoes": null
    },
    {
        "wearing": "1008_A013_000.jpg",
        "hat": null,
        "main_top": "1008050",
        "inner_top": null,
        "bottom": "1008045",
        "shoes": null
    },
    {
        "wearing": "1008_A013_104.jpg",
        "hat": null,
        "main_top": "1008050",
        "inner_top": null,
        "bottom": "1008045",
        "shoes": null
    },
    {
        "wearing": "1008_A013_156.jpg",
        "hat": null,
        "main_top": "1008050",
        "inner_top": null,
        "bottom": "1008045",
        "shoes": null
    },
    {
        "wearing": "1008_A014_000.jpg",
        "hat": null,
        "main_top": "1008113",
        "inner_top": null,
        "bottom": "1008138",
        "shoes": null
    },
    {
        "wearing": "1008_A014_159.jpg",
        "hat": null,
        "main_top": "1008113",
        "inner_top": null,
        "bottom": "1008138",
        "shoes": null
    },
    {
        "wearing": "1008_A015_000.jpg",
        "hat": null,
        "main_top": "1008028",
        "inner_top": null,
        "bottom": "1008149",
        "shoes": null
    },
    {
        "wearing": "1008_A017_000.jpg",
        "hat": null,
        "main_top": "1008048",
        "inner_top": null,
        "bottom": "1008151",
        "shoes": null
    },
    {
        "wearing": "1008_A017_177.jpg",
        "hat": null,
        "main_top": "1008048",
        "inner_top": null,
        "bottom": "1008151",
        "shoes": null
    },
    {
        "wearing": "1008_A018_000.jpg",
        "hat": null,
        "main_top": "1008048",
        "inner_top": null,
        "bottom": "1008068",
        "shoes": null
    },
    {
        "wearing": "1008_A018_144.jpg",
        "hat": null,
        "main_top": "1008048",
        "inner_top": null,
        "bottom": "1008068",
        "shoes": null
    },
    {
        "wearing": "1008_A020_000.jpg",
        "hat": null,
        "main_top": "1008048",
        "inner_top": null,
        "bottom": "1008132",
        "shoes": null
    },
    {
        "wearing": "1008_A020_153.jpg",
        "hat": null,
        "main_top": "1008048",
        "inner_top": null,
        "bottom": "1008132",
        "shoes": null
    },
    {
        "wearing": "1008_A021_000.jpg",
        "hat": null,
        "main_top": "1008011",
        "inner_top": null,
        "bottom": "1008153",
        "shoes": null
    },
    {
        "wearing": "1008_A021_154.jpg",
        "hat": null,
        "main_top": "1008011",
        "inner_top": null,
        "bottom": "1008153",
        "shoes": null
    },
    {
        "wearing": "1008_A021_231.jpg",
        "hat": null,
        "main_top": "1008011",
        "inner_top": null,
        "bottom": "1008153",
        "shoes": null
    },
    {
        "wearing": "1008_A022_000.jpg",
        "hat": null,
        "main_top": "1008029",
        "inner_top": "1008050",
        "bottom": "1008057",
        "shoes": null
    },
    {
        "wearing": "1008_A022_150.jpg",
        "hat": null,
        "main_top": "1008029",
        "inner_top": "1008050",
        "bottom": "1008057",
        "shoes": null
    },
    {
        "wearing": "1008_A023_000.jpg",
        "hat": null,
        "main_top": "1008028",
        "inner_top": null,
        "bottom": "1008137",
        "shoes": null
    },
    {
        "wearing": "1008_A024_000.jpg",
        "hat": null,
        "main_top": "1008053",
        "inner_top": null,
        "bottom": "1008064",
        "shoes": null
    },
    {
        "wearing": "1008_A024_138.jpg",
        "hat": null,
        "main_top": "1008053",
        "inner_top": null,
        "bottom": "1008064",
        "shoes": null
    },
    {
        "wearing": "1008_A025_000.jpg",
        "hat": null,
        "main_top": "1008004",
        "inner_top": null,
        "bottom": "1008143",
        "shoes": null
    },
    {
        "wearing": "1008_A025_177.jpg",
        "hat": null,
        "main_top": "1008004",
        "inner_top": null,
        "bottom": "1008143",
        "shoes": null
    },
    {
        "wearing": "1008_A026_000.jpg",
        "hat": null,
        "main_top": "1008028",
        "inner_top": null,
        "bottom": "1008079",
        "shoes": null
    },
    {
        "wearing": "1008_A027_000.jpg",
        "hat": null,
        "main_top": "1008125",
        "inner_top": null,
        "bottom": "1008135",
        "shoes": null
    },
    {
        "wearing": "1008_A028_000.jpg",
        "hat": null,
        "main_top": "1008113",
        "inner_top": null,
        "bottom": "1008136",
        "shoes": null
    },
    {
        "wearing": "1008_A029_000.jpg",
        "hat": null,
        "main_top": "1008004",
        "inner_top": null,
        "bottom": "1008073",
        "shoes": null
    },
    {
        "wearing": "1008_A029_174.jpg",
        "hat": null,
        "main_top": "1008004",
        "inner_top": null,
        "bottom": "1008073",
        "shoes": null
    },
    {
        "wearing": "1008_A030_000.jpg",
        "hat": null,
        "main_top": "1008028",
        "inner_top": null,
        "bottom": "1008092",
        "shoes": null
    },
    {
        "wearing": "1008_A030_162.jpg",
        "hat": null,
        "main_top": "1008028",
        "inner_top": null,
        "bottom": "1008092",
        "shoes": null
    },
    {
        "wearing": "1008_A031_000.jpg",
        "hat": null,
        "main_top": "1008123",
        "inner_top": null,
        "bottom": "1008101",
        "shoes": null
    },
    {
        "wearing": "1008_A031_144.jpg",
        "hat": null,
        "main_top": "1008123",
        "inner_top": null,
        "bottom": "1008101",
        "shoes": null
    },
    {
        "wearing": "1008_A032_000.jpg",
        "hat": null,
        "main_top": "1008006",
        "inner_top": null,
        "bottom": "1008156",
        "shoes": null
    },
    {
        "wearing": "1008_A032_144.jpg",
        "hat": null,
        "main_top": "1008006",
        "inner_top": null,
        "bottom": "1008156",
        "shoes": null
    },
    {
        "wearing": "1008_A033_000.jpg",
        "hat": null,
        "main_top": "1008119",
        "inner_top": null,
        "bottom": "1008157",
        "shoes": null
    },
    {
        "wearing": "1008_A034_000.jpg",
        "hat": null,
        "main_top": "1008105",
        "inner_top": null,
        "bottom": "1008065",
        "shoes": null
    },
    {
        "wearing": "1008_A034_177.jpg",
        "hat": null,
        "main_top": "1008105",
        "inner_top": null,
        "bottom": "1008065",
        "shoes": null
    },
    {
        "wearing": "1008_A036_000.jpg",
        "hat": null,
        "main_top": "1008020",
        "inner_top": "1008019",
        "bottom": "1008091",
        "shoes": null
    },
    {
        "wearing": "1008_A038_000.jpg",
        "hat": null,
        "main_top": "1008020",
        "inner_top": "1008019",
        "bottom": "1008077",
        "shoes": null
    },
    {
        "wearing": "1008_A039_000.jpg",
        "hat": null,
        "main_top": "1008116",
        "inner_top": null,
        "bottom": "1008087",
        "shoes": null
    },
    {
        "wearing": "1008_A039_180.jpg",
        "hat": null,
        "main_top": "1008116",
        "inner_top": null,
        "bottom": "1008087",
        "shoes": null
    },
    {
        "wearing": "1008_B001_000.jpg",
        "hat": null,
        "main_top": "1008021",
        "inner_top": null,
        "bottom": "1008022",
        "shoes": null
    },
    {
        "wearing": "1008_B003_000.jpg",
        "hat": null,
        "main_top": "1008006",
        "inner_top": null,
        "bottom": "1008147",
        "shoes": null
    },
    {
        "wearing": "1008_B004_000.jpg",
        "hat": null,
        "main_top": "1008107",
        "inner_top": "1008116",
        "bottom": "1008106",
        "shoes": null
    },
    {
        "wearing": "1008_B004_069.jpg",
        "hat": null,
        "main_top": "1008107",
        "inner_top": "1008116",
        "bottom": "1008106",
        "shoes": null
    },
    {
        "wearing": "1008_B004_207.jpg",
        "hat": null,
        "main_top": "1008107",
        "inner_top": "1008116",
        "bottom": "1008106",
        "shoes": null
    },
    {
        "wearing": "1008_B005_000.jpg",
        "hat": null,
        "main_top": "1008028",
        "inner_top": null,
        "bottom": "1008027",
        "shoes": null
    },
    {
        "wearing": "1008_B005_126.jpg",
        "hat": null,
        "main_top": "1008028",
        "inner_top": null,
        "bottom": "1008027",
        "shoes": null
    },
    {
        "wearing": "1008_B005_189.jpg",
        "hat": null,
        "main_top": "1008028",
        "inner_top": null,
        "bottom": "1008027",
        "shoes": null
    },
    {
        "wearing": "1008_B006_000.jpg",
        "hat": null,
        "main_top": "1008034",
        "inner_top": "1008116",
        "bottom": "1008033",
        "shoes": null
    },
    {
        "wearing": "1008_B008_000.jpg",
        "hat": null,
        "main_top": "1008001",
        "inner_top": "1008032",
        "bottom": null,
        "shoes": null
    },
    {
        "wearing": "1008_B009_000.jpg",
        "hat": null,
        "main_top": "1008047",
        "inner_top": null,
        "bottom": "1008058",
        "shoes": null
    },
    {
        "wearing": "1008_B010_000.jpg",
        "hat": null,
        "main_top": "1008040",
        "inner_top": "1008116",
        "bottom": "1008140",
        "shoes": null
    },
    {
        "wearing": "1008_B012_000.jpg",
        "hat": null,
        "main_top": "1008113",
        "inner_top": null,
        "bottom": "1008114",
        "shoes": null
    },
    {
        "wearing": "1008_B013_000.jpg",
        "hat": null,
        "main_top": "1008040",
        "inner_top": "1008041",
        "bottom": "1008035",
        "shoes": null
    },
    {
        "wearing": "1008_B014_000.jpg",
        "hat": null,
        "main_top": "1008040",
        "inner_top": "1008041",
        "bottom": "1008035",
        "shoes": null
    },
    {
        "wearing": "1008_B015_000.jpg",
        "hat": null,
        "main_top": "1008119",
        "inner_top": null,
        "bottom": "1008067",
        "shoes": null
    },
    {
        "wearing": "1008_B017_000.jpg",
        "hat": null,
        "main_top": "1008028",
        "inner_top": null,
        "bottom": "1008139",
        "shoes": null
    },
    {
        "wearing": "1008_B018_000.jpg",
        "hat": null,
        "main_top": "1008006",
        "inner_top": null,
        "bottom": "1008150",
        "shoes": null
    },
    {
        "wearing": "1008_B018_177.jpg",
        "hat": null,
        "main_top": "1008006",
        "inner_top": null,
        "bottom": "1008150",
        "shoes": null
    },
    {
        "wearing": "1008_B019_000.jpg",
        "hat": null,
        "main_top": "1008113",
        "inner_top": null,
        "bottom": "1008126",
        "shoes": null
    },
    {
        "wearing": "1008_B020_000.jpg",
        "hat": null,
        "main_top": "1008042",
        "inner_top": null,
        "bottom": "1008140",
        "shoes": null
    },
    {
        "wearing": "1008_B021_000.jpg",
        "hat": null,
        "main_top": "1008042",
        "inner_top": null,
        "bottom": "1008138",
        "shoes": null
    },
    {
        "wearing": "1008_B022_000.jpg",
        "hat": null,
        "main_top": "1008006",
        "inner_top": null,
        "bottom": "1008146",
        "shoes": null
    },
    {
        "wearing": "1008_B023_000.jpg",
        "hat": null,
        "main_top": "1008116",
        "inner_top": null,
        "bottom": "1008096",
        "shoes": null
    },
    {
        "wearing": "1008_B024_000.jpg",
        "hat": null,
        "main_top": "1008026",
        "inner_top": null,
        "bottom": "1008086",
        "shoes": null
    },
    {
        "wearing": "1008_B026_000.jpg",
        "hat": null,
        "main_top": "1008029",
        "inner_top": "1008050",
        "bottom": "1008056",
        "shoes": null
    },
    {
        "wearing": "1008_B026_159.jpg",
        "hat": null,
        "main_top": "1008029",
        "inner_top": "1008050",
        "bottom": "1008056",
        "shoes": null
    },
    {
        "wearing": "1008_B027_000.jpg",
        "hat": null,
        "main_top": "1008019",
        "inner_top": null,
        "bottom": "1008085",
        "shoes": null
    },
    {
        "wearing": "1008_A006_000.jpg",
        "hat": null,
        "main_top": "1008112",
        "inner_top": "1008116",
        "bottom": "1008111",
        "shoes": null
    },
    {
        "wearing": "1008_A006_192.jpg",
        "hat": null,
        "main_top": "1008112",
        "inner_top": "1008116",
        "bottom": "1008111",
        "shoes": null
    },
    {
        "wearing": "1008_A019_000.jpg",
        "hat": null,
        "main_top": "1008038",
        "inner_top": null,
        "bottom": "1008081",
        "shoes": null
    },
    {
        "wearing": "1008_A035_000.jpg",
        "hat": null,
        "main_top": "1008125",
        "inner_top": null,
        "bottom": "1008084",
        "shoes": null
    },
    {
        "wearing": "1008_A037_000.jpg",
        "hat": null,
        "main_top": "1008116",
        "inner_top": null,
        "bottom": "1008101",
        "shoes": null
    },
    {
        "wearing": "1008_B002_000.jpg",
        "hat": null,
        "main_top": "1008002",
        "inner_top": null,
        "bottom": "1008003",
        "shoes": null
    },
    {
        "wearing": "1008_B002_162.jpg",
        "hat": null,
        "main_top": "1008002",
        "inner_top": null,
        "bottom": "1008003",
        "shoes": null
    },
    {
        "wearing": "1008_B007_000.jpg",
        "hat": null,
        "main_top": "1008043",
        "inner_top": null,
        "bottom": "1008063",
        "shoes": null
    },
    {
        "wearing": "1008_B007_180.jpg",
        "hat": null,
        "main_top": "1008043",
        "inner_top": null,
        "bottom": "1008063",
        "shoes": null
    },
    {
        "wearing": "1008_B011_000.jpg",
        "hat": null,
        "main_top": "1008115",
        "inner_top": "1008116",
        "bottom": "1008117",
        "shoes": null
    },
    {
        "wearing": "1008_B025_000.jpg",
        "hat": null,
        "main_top": "1008116",
        "inner_top": null,
        "bottom": "1008075",
        "shoes": null
    },
    {
        "wearing": "1008_A004_000.jpg",
        "hat": null,
        "main_top": "1008017",
        "inner_top": "1008016",
        "bottom": "1008015",
        "shoes": null
    },
    {
        "wearing": "1008_B016_000.jpg",
        "hat": null,
        "main_top": "1008113",
        "inner_top": null,
        "bottom": "1008095",
        "shoes": null
    }
]